,MSE,R2
Linear Regression,115.03806368768717,-0.0045157636737940265
Random Forest,122.71233344765712,-0.07152771347072062
Gradient Boosting,129.42501478412203,-0.13014304480404504
